{
  "notes": [
    {
      "id": 1,
      "title": "What is Flutter?",
      "content": "Flutter is an open-source UI framework for creating native mobile applications. It allows developers to build mobile applications a single codebase."
    },
    {
      "id": 2,
      "title": "Stateful Widgets",
      "content": "The widgets whose state can be altered once they are built are called stateful Widgets."
    },
    {
      "id": 3,
      "title": "Conditional (ternary) operator",
      "content": "The conditional (ternary) operator in Dart takes three operands: a condition, first expression (if truthy) and second expression (if falsy)."
    }
  ]
}